{"cameraMode":{"drawMode":0,"name":"Shaded","section":"Shading Mode"},"sceneLighting":true,"audioPlay":false,"sceneViewState":{"m_AlwaysRefresh":false,"showFog":true,"showSkybox":true,"showFlares":true,"showImageEffects":true,"showParticleSystems":true,"showVisualEffectGraphs":true,"m_FxEnabled":true},"in2DMode":false,"pivot":{"x":-11.734493255615235,"y":-1.5076565742492676,"z":22.169832229614259},"rotation":{"x":-0.049828238785266879,"y":0.23224298655986787,"z":-0.010910054668784142,"w":-0.9715938568115234},"size":12.12435531616211,"orthographic":false}