{"cameraMode":{"drawMode":0,"name":"Shaded","section":"Shading Mode"},"sceneLighting":true,"audioPlay":false,"sceneViewState":{"m_AlwaysRefresh":false,"showFog":true,"showSkybox":true,"showFlares":true,"showImageEffects":true,"showParticleSystems":true,"showVisualEffectGraphs":true,"m_FxEnabled":true},"in2DMode":false,"pivot":{"x":-24.289243698120118,"y":-13.307731628417969,"z":-34.799678802490237},"rotation":{"x":0.053419698029756549,"y":-0.9342603087425232,"z":0.15693747997283936,"w":0.3164612352848053},"size":21.595827102661134,"orthographic":false}